{
  "mtx": [
    [
      957.1557683527577,
      0.0,
      627.3125728079544
    ],
    [
      0.0,
      956.7399019344681,
      383.13548302090106
    ],
    [
      0.0,
      0.0,
      1.0
    ]
  ],
  "dist": [
    [
      -0.011497799738783903,
      0.06930085374524908,
      0.0003640258484530308,
      0.0011099151146206432,
      0.04473386482758899
    ]
  ]
}