{
  "mtx": [
    [
      482.01300558009837,
      0.0,
      344.71610705804636
    ],
    [
      0.0,
      482.09702962079814,
      188.0299128952908
    ],
    [
      0.0,
      0.0,
      1.0
    ]
  ],
  "dist": [
    [
      0.0013230634370468238,
      -0.0653498434528011,
      -0.001153376629750212,
      -0.00022756025064001354,
      0.43935332377575353
    ]
  ]
}