{
  "mtx": [
    [
      1625.2939417674631,
      0.0,
      1184.436237829263
    ],
    [
      0.0,
      1559.9890324880928,
      447.11984717527804
    ],
    [
      0.0,
      0.0,
      1.0
    ]
  ],
  "dist": [
    [
      0.5571645275282918,
      -5.652493452966664,
      0.0012904615559888029,
      0.06376657627291588,
      16.584337971521393
    ]
  ]
}