{
  "mtx": [
    [
      438.4815186619051,
      0.0,
      315.9445826557925
    ],
    [
      0.0,
      438.1217778452515,
      191.3540049198223
    ],
    [
      0.0,
      0.0,
      1.0
    ]
  ],
  "dist": [
    [
      -0.010486062586117962,
      0.0024438636626924206,
      -0.00031227909446920687,
      -0.0005341763881772471,
      0.012051692063980612
    ]
  ]
}