{"mtx": [[959.4464469129258, 0.0, 695.5748497871839], [0.0, 959.2104850987116, 382.20195749139975], [0.0, 0.0, 1.0]], "dist": [[-0.039487721759706704, 0.14021800103204915, 0.00029228834500166345, -0.00021870344109457774, -0.15604385834258605]]}