{
  "mtx": [
    [
      483.4864100138469,
      0.0,
      313.39108534851437
    ],
    [
      0.0,
      483.25128710898593,
      197.4315041198846
    ],
    [
      0.0,
      0.0,
      1.0
    ]
  ],
  "dist": [
    [
      -0.04113379878544495,
      0.3472185846812787,
      0.0010613622448778742,
      -0.0014255018761784694,
      -0.7990480105246597
    ]
  ]
}