{
  "mtx": [
    [
      881.0137927913203,
      0.0,
      631.1274592636433
    ],
    [
      0.0,
      880.5697243452817,
      386.0183012246979
    ],
    [
      0.0,
      0.0,
      1.0
    ]
  ],
  "dist": [
    [
      -0.014385942218677894,
      0.02957520443644071,
      0.00031325409087804137,
      -0.0005919659044028014,
      -0.015267678228667867
    ]
  ]
}